2000,explanation,content,0,0,title,PENDING,2019-10-22 20:19:30,2
2001,explanation,content,0,0,title,PENDING,2019-10-22 20:19:30,2
2002,explanation,content,0,0,title,PENDING,2019-10-22 20:19:30,2
2003,explanation,content,0,0,title,PENDING,2019-10-22 20:19:30,2
2004,explanation,content,0,0,title,PENDING,2019-10-22 20:19:30,2
2005,explanation,content,0,0,title,PENDING,2019-10-22 20:19:30,2
2006,explanation,content,0,0,title,PENDING,2019-10-22 20:19:30,2
2007,explanation,content,0,0,title,PENDING,2019-10-22 20:19:30,2
2008,explanation,content,0,0,title,PENDING,2019-10-22 20:19:30,2
2009,explanation,content,0,0,title,PENDING,2019-10-22 20:19:30,2
2010,explanation,content,0,0,title,PENDING,2019-10-22 20:19:30,2
2011,explanation,content,0,0,title,PENDING,2019-10-22 20:19:30,2
2012,explanation,content,0,0,title,PENDING,2019-10-22 20:19:30,2
2013,explanation,content,0,0,title,PENDING,2019-10-22 20:19:30,2
2014,explanation,content,0,0,title,PENDING,2019-10-22 20:19:30,2
2015,explanation,content,0,0,title,PENDING,2019-10-22 20:19:30,2
2016,explanation,content,0,0,title,PENDING,2019-10-22 20:19:30,2
2017,explanation,content,0,0,title,PENDING,2019-10-22 20:19:30,2
2018,explanation,content,0,0,title,PENDING,2019-10-22 20:19:30,2
2019,explanation,content,0,0,title,PENDING,2019-10-22 20:19:30,2
2020,explanation,content,0,0,title,PENDING,2019-10-22 20:19:30,2
2021,explanation,content,0,0,title,PENDING,2019-10-22 20:19:30,2
2022,explanation,content,0,0,title,PENDING,2019-10-22 20:19:30,2
2023,explanation,content,0,0,title,PENDING,2019-10-22 20:19:30,2
2024,explanation,content,0,0,title,PENDING,2019-10-22 20:19:30,2
2025,explanation,content,0,0,title,PENDING,2019-10-22 20:19:30,2
2026,explanation,content,0,0,title,PENDING,2019-10-22 20:19:30,2
2027,explanation,content,0,0,title,PENDING,2019-10-22 20:19:30,2
2028,explanation,content,0,0,title,PENDING,2019-10-22 20:19:30,2
2029,explanation,content,0,0,title,PENDING,2019-10-22 20:19:30,2
2030,explanation,content,0,0,title,PENDING,2019-10-22 20:19:30,2
2031,explanation,content,0,0,title,PENDING,2019-10-22 20:19:30,2
2032,explanation,content,0,0,title,PENDING,2019-10-22 20:19:30,2
2033,explanation,content,0,0,title,PENDING,2019-10-22 20:19:30,2
2034,explanation,content,0,0,title,PENDING,2019-10-22 20:19:30,2
2035,explanation,content,0,0,title,PENDING,2019-10-22 20:19:30,2
2036,explanation,content,0,0,title,PENDING,2019-10-22 20:19:30,2
2037,explanation,content,0,0,title,PENDING,2019-10-22 20:19:30,2
2038,explanation,content,0,0,title,PENDING,2019-10-22 20:19:30,2
2039,explanation,content,0,0,title,PENDING,2019-10-22 20:19:30,2
2040,explanation,content,0,0,title,PENDING,2019-10-22 20:19:30,2
2041,explanation,content,0,0,title,PENDING,2019-10-22 20:19:30,2
2042,explanation,content,0,0,title,PENDING,2019-10-22 20:19:30,2
2043,explanation,content,0,0,title,PENDING,2019-10-22 20:19:30,2
2044,explanation,content,0,0,title,PENDING,2019-10-22 20:19:30,2
2045,explanation,content,0,0,title,PENDING,2019-10-22 20:19:30,2
2046,explanation,content,0,0,title,PENDING,2019-10-22 20:19:30,2
2047,explanation,content,0,0,title,PENDING,2019-10-22 20:19:30,2
2048,explanation,content,0,0,title,PENDING,2019-10-22 20:19:30,2
2049,explanation,content,0,0,title,PENDING,2019-10-22 20:19:30,2
2050,explanation,content,0,0,title,PENDING,2019-10-22 20:19:30,2
2051,explanation,content,0,0,title,PENDING,2019-10-22 20:19:30,2
2052,explanation,content,0,0,title,PENDING,2019-10-22 20:19:30,2
2053,explanation,content,0,0,title,PENDING,2019-10-22 20:19:30,2
2054,explanation,content,0,0,title,PENDING,2019-10-22 20:19:30,2
2055,explanation,content,0,0,title,PENDING,2019-10-22 20:19:30,2
2056,explanation,content,0,0,title,PENDING,2019-10-22 20:19:30,2
2057,explanation,content,0,0,title,PENDING,2019-10-22 20:19:30,2
2058,explanation,content,0,0,title,PENDING,2019-10-22 20:19:30,2
2059,explanation,content,0,0,title,PENDING,2019-10-22 20:19:30,2
2060,explanation,content,0,0,title,PENDING,2019-10-22 20:19:30,2
2061,explanation,content,0,0,title,PENDING,2019-10-22 20:19:30,2
2062,explanation,content,0,0,title,PENDING,2019-10-22 20:19:30,2
2063,explanation,content,0,0,title,PENDING,2019-10-22 20:19:30,2
2064,explanation,content,0,0,title,PENDING,2019-10-22 20:19:30,2
2065,explanation,content,0,0,title,PENDING,2019-10-22 20:19:30,2
2066,explanation,content,0,0,title,PENDING,2019-10-22 20:19:30,2
2067,explanation,content,0,0,title,PENDING,2019-10-22 20:19:30,2
2068,explanation,content,0,0,title,PENDING,2019-10-22 20:19:30,2
2069,explanation,content,0,0,title,PENDING,2019-10-22 20:19:30,2
2070,explanation,content,0,0,title,PENDING,2019-10-22 20:19:30,2
2071,explanation,content,0,0,title,PENDING,2019-10-22 20:19:30,2
2072,explanation,content,0,0,title,PENDING,2019-10-22 20:19:30,2
2073,explanation,content,0,0,title,PENDING,2019-10-22 20:19:30,2
2074,explanation,content,0,0,title,PENDING,2019-10-22 20:19:30,2
2075,explanation,content,0,0,title,PENDING,2019-10-22 20:19:30,2
2076,explanation,content,0,0,title,PENDING,2019-10-22 20:19:30,2
2077,explanation,content,0,0,title,PENDING,2019-10-22 20:19:30,2
2078,explanation,content,0,0,title,PENDING,2019-10-22 20:19:30,2
2079,explanation,content,0,0,title,PENDING,2019-10-22 20:19:30,2
2080,explanation,content,0,0,title,PENDING,2019-10-22 20:19:30,2
2081,explanation,content,0,0,title,PENDING,2019-10-22 20:19:30,2
2082,explanation,content,0,0,title,PENDING,2019-10-22 20:19:30,2
2083,explanation,content,0,0,title,PENDING,2019-10-22 20:19:30,2
2084,explanation,content,0,0,title,PENDING,2019-10-22 20:19:30,2
2085,explanation,content,0,0,title,PENDING,2019-10-22 20:19:30,2
2086,explanation,content,0,0,title,PENDING,2019-10-22 20:19:30,2
2087,explanation,content,0,0,title,PENDING,2019-10-22 20:19:30,2
2088,explanation,content,0,0,title,PENDING,2019-10-22 20:19:30,2
2089,explanation,content,0,0,title,PENDING,2019-10-22 20:19:30,2
2090,explanation,content,0,0,title,PENDING,2019-10-22 20:19:30,2
2091,explanation,content,0,0,title,PENDING,2019-10-22 20:19:30,2
2092,explanation,content,0,0,title,PENDING,2019-10-22 20:19:30,2
2093,explanation,content,0,0,title,PENDING,2019-10-22 20:19:30,2
2094,explanation,content,0,0,title,PENDING,2019-10-22 20:19:30,2
2095,explanation,content,0,0,title,PENDING,2019-10-22 20:19:30,2
2096,explanation,content,0,0,title,PENDING,2019-10-22 20:19:30,2
2097,explanation,content,0,0,title,PENDING,2019-10-22 20:19:30,2
2098,explanation,content,0,0,title,PENDING,2019-10-22 20:19:30,2
2099,explanation,content,0,0,title,PENDING,2019-10-22 20:19:30,2
2100,explanation,content,0,0,title,PENDING,2019-10-22 20:19:30,2
2101,explanation,content,0,0,title,PENDING,2019-10-22 20:19:30,2
2102,explanation,content,0,0,title,PENDING,2019-10-22 20:19:30,2
2103,explanation,content,0,0,title,PENDING,2019-10-22 20:19:30,2
2104,explanation,content,0,0,title,PENDING,2019-10-22 20:19:30,2
2105,explanation,content,0,0,title,PENDING,2019-10-22 20:19:30,2
2106,explanation,content,0,0,title,PENDING,2019-10-22 20:19:30,2
2107,explanation,content,0,0,title,PENDING,2019-10-22 20:19:30,2
2108,explanation,content,0,0,title,PENDING,2019-10-22 20:19:30,2
2109,explanation,content,0,0,title,PENDING,2019-10-22 20:19:30,2
2110,explanation,content,0,0,title,PENDING,2019-10-22 20:19:30,2
2111,explanation,content,0,0,title,PENDING,2019-10-22 20:19:30,2
2112,explanation,content,0,0,title,PENDING,2019-10-22 20:19:30,2
2113,explanation,content,0,0,title,PENDING,2019-10-22 20:19:30,2
2114,explanation,content,0,0,title,PENDING,2019-10-22 20:19:30,2
2115,explanation,content,0,0,title,PENDING,2019-10-22 20:19:30,2
2116,explanation,content,0,0,title,PENDING,2019-10-22 20:19:30,2
2117,explanation,content,0,0,title,PENDING,2019-10-22 20:19:30,2
2118,explanation,content,0,0,title,PENDING,2019-10-22 20:19:30,2
2119,explanation,content,0,0,title,PENDING,2019-10-22 20:19:30,2
2120,explanation,content,0,0,title,PENDING,2019-10-22 20:19:30,2
2121,explanation,content,0,0,title,PENDING,2019-10-22 20:19:30,2
2122,explanation,content,0,0,title,PENDING,2019-10-22 20:19:30,2
2123,explanation,content,0,0,title,PENDING,2019-10-22 20:19:30,2
2124,explanation,content,0,0,title,PENDING,2019-10-22 20:19:30,2
2125,explanation,content,0,0,title,PENDING,2019-10-22 20:19:30,2
2126,explanation,content,0,0,title,PENDING,2019-10-22 20:19:30,2
2127,explanation,content,0,0,title,PENDING,2019-10-22 20:19:30,2
2128,explanation,content,0,0,title,PENDING,2019-10-22 20:19:30,2
2129,explanation,content,0,0,title,PENDING,2019-10-22 20:19:30,2
2130,explanation,content,0,0,title,PENDING,2019-10-22 20:19:30,2
2131,explanation,content,0,0,title,PENDING,2019-10-22 20:19:30,2
2132,explanation,content,0,0,title,PENDING,2019-10-22 20:19:30,2
2133,explanation,content,0,0,title,PENDING,2019-10-22 20:19:30,2
2134,explanation,content,0,0,title,PENDING,2019-10-22 20:19:30,2
2135,explanation,content,0,0,title,PENDING,2019-10-22 20:19:30,2
2136,explanation,content,0,0,title,PENDING,2019-10-22 20:19:30,2
2137,explanation,content,0,0,title,PENDING,2019-10-22 20:19:30,2
2138,explanation,content,0,0,title,PENDING,2019-10-22 20:19:30,2
2139,explanation,content,0,0,title,PENDING,2019-10-22 20:19:30,2
2140,explanation,content,0,0,title,PENDING,2019-10-22 20:19:30,2
2141,explanation,content,0,0,title,PENDING,2019-10-22 20:19:30,2
2142,explanation,content,0,0,title,PENDING,2019-10-22 20:19:30,2
2143,explanation,content,0,0,title,PENDING,2019-10-22 20:19:30,2
2144,explanation,content,0,0,title,PENDING,2019-10-22 20:19:30,2
2145,explanation,content,0,0,title,PENDING,2019-10-22 20:19:30,2
2146,explanation,content,0,0,title,PENDING,2019-10-22 20:19:30,2
2147,explanation,content,0,0,title,PENDING,2019-10-22 20:19:30,2
2148,explanation,content,0,0,title,PENDING,2019-10-22 20:19:30,2
2149,explanation,content,0,0,title,PENDING,2019-10-22 20:19:30,2
2150,explanation,content,0,0,title,PENDING,2019-10-22 20:19:30,2
2151,explanation,content,0,0,title,PENDING,2019-10-22 20:19:30,2
2152,explanation,content,0,0,title,PENDING,2019-10-22 20:19:30,2
2153,explanation,content,0,0,title,PENDING,2019-10-22 20:19:30,2
2154,explanation,content,0,0,title,PENDING,2019-10-22 20:19:30,2
2155,explanation,content,0,0,title,PENDING,2019-10-22 20:19:30,2
2156,explanation,content,0,0,title,PENDING,2019-10-22 20:19:30,2
2157,explanation,content,0,0,title,PENDING,2019-10-22 20:19:30,2
2158,explanation,content,0,0,title,PENDING,2019-10-22 20:19:30,2
2159,explanation,content,0,0,title,PENDING,2019-10-22 20:19:30,2
2160,explanation,content,0,0,title,PENDING,2019-10-22 20:19:30,2
2161,explanation,content,0,0,title,PENDING,2019-10-22 20:19:30,2
2162,explanation,content,0,0,title,PENDING,2019-10-22 20:19:30,2
2163,explanation,content,0,0,title,PENDING,2019-10-22 20:19:30,2
2164,explanation,content,0,0,title,PENDING,2019-10-22 20:19:30,2
2165,explanation,content,0,0,title,PENDING,2019-10-22 20:19:30,2
2166,explanation,content,0,0,title,PENDING,2019-10-22 20:19:30,2
2167,explanation,content,0,0,title,PENDING,2019-10-22 20:19:30,2
2168,explanation,content,0,0,title,PENDING,2019-10-22 20:19:30,2
2169,explanation,content,0,0,title,PENDING,2019-10-22 20:19:30,2
2170,explanation,content,0,0,title,PENDING,2019-10-22 20:19:30,2
2171,explanation,content,0,0,title,PENDING,2019-10-22 20:19:30,2
2172,explanation,content,0,0,title,PENDING,2019-10-22 20:19:30,2
2173,explanation,content,0,0,title,PENDING,2019-10-22 20:19:30,2
2174,explanation,content,0,0,title,PENDING,2019-10-22 20:19:30,2
2175,explanation,content,0,0,title,PENDING,2019-10-22 20:19:30,2
2176,explanation,content,0,0,title,PENDING,2019-10-22 20:19:30,2
2177,explanation,content,0,0,title,PENDING,2019-10-22 20:19:30,2
2178,explanation,content,0,0,title,PENDING,2019-10-22 20:19:30,2
2179,explanation,content,0,0,title,PENDING,2019-10-22 20:19:30,2
2180,explanation,content,0,0,title,PENDING,2019-10-22 20:19:30,2
2181,explanation,content,0,0,title,PENDING,2019-10-22 20:19:30,2
2182,explanation,content,0,0,title,PENDING,2019-10-22 20:19:30,2
2183,explanation,content,0,0,title,PENDING,2019-10-22 20:19:30,2
2184,explanation,content,0,0,title,PENDING,2019-10-22 20:19:30,2
2185,explanation,content,0,0,title,PENDING,2019-10-22 20:19:30,2
2186,explanation,content,0,0,title,PENDING,2019-10-22 20:19:30,2
2187,explanation,content,0,0,title,PENDING,2019-10-22 20:19:30,2
2188,explanation,content,0,0,title,PENDING,2019-10-22 20:19:30,2
2189,explanation,content,0,0,title,PENDING,2019-10-22 20:19:30,2
2190,explanation,content,0,0,title,PENDING,2019-10-22 20:19:30,2
2191,explanation,content,0,0,title,PENDING,2019-10-22 20:19:30,2
2192,explanation,content,0,0,title,PENDING,2019-10-22 20:19:30,2
2193,explanation,content,0,0,title,PENDING,2019-10-22 20:19:30,2
2194,explanation,content,0,0,title,PENDING,2019-10-22 20:19:30,2
2195,explanation,content,0,0,title,PENDING,2019-10-22 20:19:30,2
2196,explanation,content,0,0,title,PENDING,2019-10-22 20:19:30,2
2197,explanation,content,0,0,title,PENDING,2019-10-22 20:19:30,2
2198,explanation,content,0,0,title,PENDING,2019-10-22 20:19:30,2
2199,explanation,content,0,0,title,PENDING,2019-10-22 20:19:30,2
2200,explanation,content,0,0,title,PENDING,2019-10-22 20:19:30,2
2201,explanation,content,0,0,title,PENDING,2019-10-22 20:19:30,2
2202,explanation,content,0,0,title,PENDING,2019-10-22 20:19:30,2
2203,explanation,content,0,0,title,PENDING,2019-10-22 20:19:30,2
2204,explanation,content,0,0,title,PENDING,2019-10-22 20:19:30,2
2205,explanation,content,0,0,title,PENDING,2019-10-22 20:19:30,2
2206,explanation,content,0,0,title,PENDING,2019-10-22 20:19:30,2
2207,explanation,content,0,0,title,PENDING,2019-10-22 20:19:30,2
2208,explanation,content,0,0,title,PENDING,2019-10-22 20:19:30,2
2209,explanation,content,0,0,title,PENDING,2019-10-22 20:19:30,2
2210,explanation,content,0,0,title,PENDING,2019-10-22 20:19:30,2
2211,explanation,content,0,0,title,PENDING,2019-10-22 20:19:30,2
2212,explanation,content,0,0,title,PENDING,2019-10-22 20:19:30,2
2213,explanation,content,0,0,title,PENDING,2019-10-22 20:19:30,2
2214,explanation,content,0,0,title,PENDING,2019-10-22 20:19:30,2
2215,explanation,content,0,0,title,PENDING,2019-10-22 20:19:30,2
2216,explanation,content,0,0,title,PENDING,2019-10-22 20:19:30,2
2217,explanation,content,0,0,title,PENDING,2019-10-22 20:19:30,2
2218,explanation,content,0,0,title,PENDING,2019-10-22 20:19:30,2
2219,explanation,content,0,0,title,PENDING,2019-10-22 20:19:30,2
2220,explanation,content,0,0,title,PENDING,2019-10-22 20:19:30,2
2221,explanation,content,0,0,title,PENDING,2019-10-22 20:19:30,2
2222,explanation,content,0,0,title,PENDING,2019-10-22 20:19:30,2
2223,explanation,content,0,0,title,PENDING,2019-10-22 20:19:30,2
2224,explanation,content,0,0,title,PENDING,2019-10-22 20:19:30,2
2225,explanation,content,0,0,title,PENDING,2019-10-22 20:19:30,2
2226,explanation,content,0,0,title,PENDING,2019-10-22 20:19:30,2
2227,explanation,content,0,0,title,PENDING,2019-10-22 20:19:30,2
2228,explanation,content,0,0,title,PENDING,2019-10-22 20:19:30,2
2229,explanation,content,0,0,title,PENDING,2019-10-22 20:19:30,2
2230,explanation,content,0,0,title,PENDING,2019-10-22 20:19:30,2
2231,explanation,content,0,0,title,PENDING,2019-10-22 20:19:30,2
2232,explanation,content,0,0,title,PENDING,2019-10-22 20:19:30,2
2233,explanation,content,0,0,title,PENDING,2019-10-22 20:19:30,2
2234,explanation,content,0,0,title,PENDING,2019-10-22 20:19:30,2
2235,explanation,content,0,0,title,PENDING,2019-10-22 20:19:30,2
2236,explanation,content,0,0,title,PENDING,2019-10-22 20:19:30,2
2237,explanation,content,0,0,title,PENDING,2019-10-22 20:19:30,2
2238,explanation,content,0,0,title,PENDING,2019-10-22 20:19:30,2
2239,explanation,content,0,0,title,PENDING,2019-10-22 20:19:30,2
2240,explanation,content,0,0,title,PENDING,2019-10-22 20:19:30,2
2241,explanation,content,0,0,title,PENDING,2019-10-22 20:19:30,2
2242,explanation,content,0,0,title,PENDING,2019-10-22 20:19:30,2
2243,explanation,content,0,0,title,PENDING,2019-10-22 20:19:30,2
2244,explanation,content,0,0,title,PENDING,2019-10-22 20:19:30,2
2245,explanation,content,0,0,title,PENDING,2019-10-22 20:19:30,2
2246,explanation,content,0,0,title,PENDING,2019-10-22 20:19:30,2
2247,explanation,content,0,0,title,PENDING,2019-10-22 20:19:30,2
2248,explanation,content,0,0,title,PENDING,2019-10-22 20:19:30,2
2249,explanation,content,0,0,title,PENDING,2019-10-22 20:19:30,2
2250,explanation,content,0,0,title,PENDING,2019-10-22 20:19:30,2
2251,explanation,content,0,0,title,PENDING,2019-10-22 20:19:30,2
2252,explanation,content,0,0,title,PENDING,2019-10-22 20:19:30,2
2253,explanation,content,0,0,title,PENDING,2019-10-22 20:19:30,2
2254,explanation,content,0,0,title,PENDING,2019-10-22 20:19:30,2
2255,explanation,content,0,0,title,PENDING,2019-10-22 20:19:30,2
2256,explanation,content,0,0,title,PENDING,2019-10-22 20:19:30,2
2257,explanation,content,0,0,title,PENDING,2019-10-22 20:19:30,2
2258,explanation,content,0,0,title,PENDING,2019-10-22 20:19:30,2
2259,explanation,content,0,0,title,PENDING,2019-10-22 20:19:30,2
2260,explanation,content,0,0,title,PENDING,2019-10-22 20:19:30,2
2261,explanation,content,0,0,title,PENDING,2019-10-22 20:19:30,2
2262,explanation,content,0,0,title,PENDING,2019-10-22 20:19:30,2
2263,explanation,content,0,0,title,PENDING,2019-10-22 20:19:30,2
2264,explanation,content,0,0,title,PENDING,2019-10-22 20:19:30,2
2265,explanation,content,0,0,title,PENDING,2019-10-22 20:19:30,2
2266,explanation,content,0,0,title,PENDING,2019-10-22 20:19:30,2
2267,explanation,content,0,0,title,PENDING,2019-10-22 20:19:30,2
2268,explanation,content,0,0,title,PENDING,2019-10-22 20:19:30,2
2269,explanation,content,0,0,title,PENDING,2019-10-22 20:19:30,2
2270,explanation,content,0,0,title,PENDING,2019-10-22 20:19:30,2
2271,explanation,content,0,0,title,PENDING,2019-10-22 20:19:30,2
2272,explanation,content,0,0,title,PENDING,2019-10-22 20:19:30,2
2273,explanation,content,0,0,title,PENDING,2019-10-22 20:19:30,2
2274,explanation,content,0,0,title,PENDING,2019-10-22 20:19:30,2
2275,explanation,content,0,0,title,PENDING,2019-10-22 20:19:30,2
2276,explanation,content,0,0,title,PENDING,2019-10-22 20:19:30,2
2277,explanation,content,0,0,title,PENDING,2019-10-22 20:19:30,2
2278,explanation,content,0,0,title,PENDING,2019-10-22 20:19:30,2
2279,explanation,content,0,0,title,PENDING,2019-10-22 20:19:30,2
2280,explanation,content,0,0,title,PENDING,2019-10-22 20:19:30,2
2281,explanation,content,0,0,title,PENDING,2019-10-22 20:19:30,2
2282,explanation,content,0,0,title,PENDING,2019-10-22 20:19:30,2
2283,explanation,content,0,0,title,PENDING,2019-10-22 20:19:30,2
2284,explanation,content,0,0,title,PENDING,2019-10-22 20:19:30,2
2285,explanation,content,0,0,title,PENDING,2019-10-22 20:19:30,2
2286,explanation,content,0,0,title,PENDING,2019-10-22 20:19:30,2
2287,explanation,content,0,0,title,PENDING,2019-10-22 20:19:30,2
2288,explanation,content,0,0,title,PENDING,2019-10-22 20:19:30,2
2289,explanation,content,0,0,title,PENDING,2019-10-22 20:19:30,2
2290,explanation,content,0,0,title,PENDING,2019-10-22 20:19:30,2
2291,explanation,content,0,0,title,PENDING,2019-10-22 20:19:30,2
2292,explanation,content,0,0,title,PENDING,2019-10-22 20:19:30,2
2293,explanation,content,0,0,title,PENDING,2019-10-22 20:19:30,2
2294,explanation,content,0,0,title,PENDING,2019-10-22 20:19:30,2
2295,explanation,content,0,0,title,PENDING,2019-10-22 20:19:30,2
2296,explanation,content,0,0,title,PENDING,2019-10-22 20:19:30,2
2297,explanation,content,0,0,title,PENDING,2019-10-22 20:19:30,2
2298,explanation,content,0,0,title,PENDING,2019-10-22 20:19:30,2
2299,explanation,content,0,0,title,PENDING,2019-10-22 20:19:30,2
2300,explanation,content,0,0,title,PENDING,2019-10-22 20:19:30,2
2301,explanation,content,0,0,title,PENDING,2019-10-22 20:19:30,2
2302,explanation,content,0,0,title,PENDING,2019-10-22 20:19:30,2
2303,explanation,content,0,0,title,PENDING,2019-10-22 20:19:30,2
2304,explanation,content,0,0,title,PENDING,2019-10-22 20:19:30,2
2305,explanation,content,0,0,title,PENDING,2019-10-22 20:19:30,2
2306,explanation,content,0,0,title,PENDING,2019-10-22 20:19:30,2
2307,explanation,content,0,0,title,PENDING,2019-10-22 20:19:30,2
2308,explanation,content,0,0,title,PENDING,2019-10-22 20:19:30,2
2309,explanation,content,0,0,title,PENDING,2019-10-22 20:19:30,2
2310,explanation,content,0,0,title,PENDING,2019-10-22 20:19:30,2
2311,explanation,content,0,0,title,PENDING,2019-10-22 20:19:30,2
2312,explanation,content,0,0,title,PENDING,2019-10-22 20:19:30,2
2313,explanation,content,0,0,title,PENDING,2019-10-22 20:19:30,2
2314,explanation,content,0,0,title,PENDING,2019-10-22 20:19:30,2
2315,explanation,content,0,0,title,PENDING,2019-10-22 20:19:30,2
2316,explanation,content,0,0,title,PENDING,2019-10-22 20:19:30,2
2317,explanation,content,0,0,title,PENDING,2019-10-22 20:19:30,2
2318,explanation,content,0,0,title,PENDING,2019-10-22 20:19:30,2
2319,explanation,content,0,0,title,PENDING,2019-10-22 20:19:30,2
2320,explanation,content,0,0,title,PENDING,2019-10-22 20:19:30,2
2321,explanation,content,0,0,title,PENDING,2019-10-22 20:19:30,2
2322,explanation,content,0,0,title,PENDING,2019-10-22 20:19:30,2
2323,explanation,content,0,0,title,PENDING,2019-10-22 20:19:30,2
2324,explanation,content,0,0,title,PENDING,2019-10-22 20:19:30,2
2325,explanation,content,0,0,title,PENDING,2019-10-22 20:19:30,2
2326,explanation,content,0,0,title,PENDING,2019-10-22 20:19:30,2
2327,explanation,content,0,0,title,PENDING,2019-10-22 20:19:30,2
2328,explanation,content,0,0,title,PENDING,2019-10-22 20:19:30,2
2329,explanation,content,0,0,title,PENDING,2019-10-22 20:19:30,2
2330,explanation,content,0,0,title,PENDING,2019-10-22 20:19:30,2
2331,explanation,content,0,0,title,PENDING,2019-10-22 20:19:30,2
2332,explanation,content,0,0,title,PENDING,2019-10-22 20:19:30,2
2333,explanation,content,0,0,title,PENDING,2019-10-22 20:19:30,2
2334,explanation,content,0,0,title,PENDING,2019-10-22 20:19:30,2
2335,explanation,content,0,0,title,PENDING,2019-10-22 20:19:30,2
2336,explanation,content,0,0,title,PENDING,2019-10-22 20:19:30,2
2337,explanation,content,0,0,title,PENDING,2019-10-22 20:19:30,2
2338,explanation,content,0,0,title,PENDING,2019-10-22 20:19:30,2
2339,explanation,content,0,0,title,PENDING,2019-10-22 20:19:30,2
2340,explanation,content,0,0,title,PENDING,2019-10-22 20:19:30,2
2341,explanation,content,0,0,title,PENDING,2019-10-22 20:19:30,2
2342,explanation,content,0,0,title,PENDING,2019-10-22 20:19:30,2
2343,explanation,content,0,0,title,PENDING,2019-10-22 20:19:30,2
2344,explanation,content,0,0,title,PENDING,2019-10-22 20:19:30,2
2345,explanation,content,0,0,title,PENDING,2019-10-22 20:19:30,2
2346,explanation,content,0,0,title,PENDING,2019-10-22 20:19:30,2
2347,explanation,content,0,0,title,PENDING,2019-10-22 20:19:30,2
2348,explanation,content,0,0,title,PENDING,2019-10-22 20:19:30,2
2349,explanation,content,0,0,title,PENDING,2019-10-22 20:19:30,2
2350,explanation,content,0,0,title,PENDING,2019-10-22 20:19:30,2
2351,explanation,content,0,0,title,PENDING,2019-10-22 20:19:30,2
2352,explanation,content,0,0,title,PENDING,2019-10-22 20:19:30,2
2353,explanation,content,0,0,title,PENDING,2019-10-22 20:19:30,2
2354,explanation,content,0,0,title,PENDING,2019-10-22 20:19:30,2
2355,explanation,content,0,0,title,PENDING,2019-10-22 20:19:30,2
2356,explanation,content,0,0,title,PENDING,2019-10-22 20:19:30,2
2357,explanation,content,0,0,title,PENDING,2019-10-22 20:19:30,2
2358,explanation,content,0,0,title,PENDING,2019-10-22 20:19:30,2
2359,explanation,content,0,0,title,PENDING,2019-10-22 20:19:30,2
2360,explanation,content,0,0,title,PENDING,2019-10-22 20:19:30,2
2361,explanation,content,0,0,title,PENDING,2019-10-22 20:19:30,2
2362,explanation,content,0,0,title,PENDING,2019-10-22 20:19:30,2
2363,explanation,content,0,0,title,PENDING,2019-10-22 20:19:30,2
2364,explanation,content,0,0,title,PENDING,2019-10-22 20:19:30,2
2365,explanation,content,0,0,title,PENDING,2019-10-22 20:19:30,2
2366,explanation,content,0,0,title,PENDING,2019-10-22 20:19:30,2
2367,explanation,content,0,0,title,PENDING,2019-10-22 20:19:30,2
2368,explanation,content,0,0,title,PENDING,2019-10-22 20:19:30,2
2369,explanation,content,0,0,title,PENDING,2019-10-22 20:19:30,2
2370,explanation,content,0,0,title,PENDING,2019-10-22 20:19:30,2
2371,explanation,content,0,0,title,PENDING,2019-10-22 20:19:30,2
2372,explanation,content,0,0,title,PENDING,2019-10-22 20:19:30,2
2373,explanation,content,0,0,title,PENDING,2019-10-22 20:19:30,2
2374,explanation,content,0,0,title,PENDING,2019-10-22 20:19:30,2
2375,explanation,content,0,0,title,PENDING,2019-10-22 20:19:30,2
2376,explanation,content,0,0,title,PENDING,2019-10-22 20:19:30,2
2377,explanation,content,0,0,title,PENDING,2019-10-22 20:19:30,2
2378,explanation,content,0,0,title,PENDING,2019-10-22 20:19:30,2
2379,explanation,content,0,0,title,PENDING,2019-10-22 20:19:30,2
2380,explanation,content,0,0,title,PENDING,2019-10-22 20:19:30,2
2381,explanation,content,0,0,title,PENDING,2019-10-22 20:19:30,2
2382,explanation,content,0,0,title,PENDING,2019-10-22 20:19:30,2
2383,explanation,content,0,0,title,PENDING,2019-10-22 20:19:30,2
2384,explanation,content,0,0,title,PENDING,2019-10-22 20:19:30,2
2385,explanation,content,0,0,title,PENDING,2019-10-22 20:19:30,2
2386,explanation,content,0,0,title,PENDING,2019-10-22 20:19:30,2
2387,explanation,content,0,0,title,PENDING,2019-10-22 20:19:30,2
2388,explanation,content,0,0,title,PENDING,2019-10-22 20:19:30,2
2389,explanation,content,0,0,title,PENDING,2019-10-22 20:19:30,2
2390,explanation,content,0,0,title,PENDING,2019-10-22 20:19:30,2
2391,explanation,content,0,0,title,PENDING,2019-10-22 20:19:30,2
2392,explanation,content,0,0,title,PENDING,2019-10-22 20:19:30,2
2393,explanation,content,0,0,title,PENDING,2019-10-22 20:19:30,2
2394,explanation,content,0,0,title,PENDING,2019-10-22 20:19:30,2
2395,explanation,content,0,0,title,PENDING,2019-10-22 20:19:30,2
2396,explanation,content,0,0,title,PENDING,2019-10-22 20:19:30,2
2397,explanation,content,0,0,title,PENDING,2019-10-22 20:19:30,2
2398,explanation,content,0,0,title,PENDING,2019-10-22 20:19:30,2
2399,explanation,content,0,0,title,PENDING,2019-10-22 20:19:30,2
2400,explanation,content,0,0,title,PENDING,2019-10-22 20:19:30,2
2401,explanation,content,0,0,title,PENDING,2019-10-22 20:19:30,2
2402,explanation,content,0,0,title,PENDING,2019-10-22 20:19:30,2
2403,explanation,content,0,0,title,PENDING,2019-10-22 20:19:30,2
2404,explanation,content,0,0,title,PENDING,2019-10-22 20:19:30,2
2405,explanation,content,0,0,title,PENDING,2019-10-22 20:19:30,2
2406,explanation,content,0,0,title,PENDING,2019-10-22 20:19:30,2
2407,explanation,content,0,0,title,PENDING,2019-10-22 20:19:30,2
2408,explanation,content,0,0,title,PENDING,2019-10-22 20:19:30,2
2409,explanation,content,0,0,title,PENDING,2019-10-22 20:19:30,2
2410,explanation,content,0,0,title,PENDING,2019-10-22 20:19:30,2
2411,explanation,content,0,0,title,PENDING,2019-10-22 20:19:30,2
2412,explanation,content,0,0,title,PENDING,2019-10-22 20:19:30,2
2413,explanation,content,0,0,title,PENDING,2019-10-22 20:19:30,2
2414,explanation,content,0,0,title,PENDING,2019-10-22 20:19:30,2
2415,explanation,content,0,0,title,PENDING,2019-10-22 20:19:30,2
2416,explanation,content,0,0,title,PENDING,2019-10-22 20:19:30,2
2417,explanation,content,0,0,title,PENDING,2019-10-22 20:19:30,2
2418,explanation,content,0,0,title,PENDING,2019-10-22 20:19:30,2
2419,explanation,content,0,0,title,PENDING,2019-10-22 20:19:30,2
2420,explanation,content,0,0,title,PENDING,2019-10-22 20:19:30,2
2421,explanation,content,0,0,title,PENDING,2019-10-22 20:19:30,2
2422,explanation,content,0,0,title,PENDING,2019-10-22 20:19:30,2
2423,explanation,content,0,0,title,PENDING,2019-10-22 20:19:30,2
2424,explanation,content,0,0,title,PENDING,2019-10-22 20:19:30,2
2425,explanation,content,0,0,title,PENDING,2019-10-22 20:19:30,2
2426,explanation,content,0,0,title,PENDING,2019-10-22 20:19:30,2
2427,explanation,content,0,0,title,PENDING,2019-10-22 20:19:30,2
2428,explanation,content,0,0,title,PENDING,2019-10-22 20:19:30,2
2429,explanation,content,0,0,title,PENDING,2019-10-22 20:19:30,2
2430,explanation,content,0,0,title,PENDING,2019-10-22 20:19:30,2
2431,explanation,content,0,0,title,PENDING,2019-10-22 20:19:30,2
2432,explanation,content,0,0,title,PENDING,2019-10-22 20:19:30,2
2433,explanation,content,0,0,title,PENDING,2019-10-22 20:19:30,2
2434,explanation,content,0,0,title,PENDING,2019-10-22 20:19:30,2
2435,explanation,content,0,0,title,PENDING,2019-10-22 20:19:30,2
2436,explanation,content,0,0,title,PENDING,2019-10-22 20:19:30,2
2437,explanation,content,0,0,title,PENDING,2019-10-22 20:19:30,2
2438,explanation,content,0,0,title,PENDING,2019-10-22 20:19:30,2
2439,explanation,content,0,0,title,PENDING,2019-10-22 20:19:30,2
2440,explanation,content,0,0,title,PENDING,2019-10-22 20:19:30,2
2441,explanation,content,0,0,title,PENDING,2019-10-22 20:19:30,2
2442,explanation,content,0,0,title,PENDING,2019-10-22 20:19:30,2
2443,explanation,content,0,0,title,PENDING,2019-10-22 20:19:30,2
2444,explanation,content,0,0,title,PENDING,2019-10-22 20:19:30,2
2445,explanation,content,0,0,title,PENDING,2019-10-22 20:19:30,2
2446,explanation,content,0,0,title,PENDING,2019-10-22 20:19:30,2
2447,explanation,content,0,0,title,PENDING,2019-10-22 20:19:30,2
2448,explanation,content,0,0,title,PENDING,2019-10-22 20:19:30,2
2449,explanation,content,0,0,title,PENDING,2019-10-22 20:19:30,2
2450,explanation,content,0,0,title,PENDING,2019-10-22 20:19:30,2
2451,explanation,content,0,0,title,PENDING,2019-10-22 20:19:30,2
2452,explanation,content,0,0,title,PENDING,2019-10-22 20:19:30,2
2453,explanation,content,0,0,title,PENDING,2019-10-22 20:19:30,2
2454,explanation,content,0,0,title,PENDING,2019-10-22 20:19:30,2
2455,explanation,content,0,0,title,PENDING,2019-10-22 20:19:30,2
2456,explanation,content,0,0,title,PENDING,2019-10-22 20:19:30,2
2457,explanation,content,0,0,title,PENDING,2019-10-22 20:19:30,2
2458,explanation,content,0,0,title,PENDING,2019-10-22 20:19:30,2
2459,explanation,content,0,0,title,PENDING,2019-10-22 20:19:30,2
2460,explanation,content,0,0,title,PENDING,2019-10-22 20:19:30,2
2461,explanation,content,0,0,title,PENDING,2019-10-22 20:19:30,2
2462,explanation,content,0,0,title,PENDING,2019-10-22 20:19:30,2
2463,explanation,content,0,0,title,PENDING,2019-10-22 20:19:30,2
2464,explanation,content,0,0,title,PENDING,2019-10-22 20:19:30,2
2465,explanation,content,0,0,title,PENDING,2019-10-22 20:19:30,2
2466,explanation,content,0,0,title,PENDING,2019-10-22 20:19:30,2
2467,explanation,content,0,0,title,PENDING,2019-10-22 20:19:30,2
2468,explanation,content,0,0,title,PENDING,2019-10-22 20:19:30,2
2469,explanation,content,0,0,title,PENDING,2019-10-22 20:19:30,2
2470,explanation,content,0,0,title,PENDING,2019-10-22 20:19:30,2
2471,explanation,content,0,0,title,PENDING,2019-10-22 20:19:30,2
2472,explanation,content,0,0,title,PENDING,2019-10-22 20:19:30,2
2473,explanation,content,0,0,title,PENDING,2019-10-22 20:19:30,2
2474,explanation,content,0,0,title,PENDING,2019-10-22 20:19:30,2
2475,explanation,content,0,0,title,PENDING,2019-10-22 20:19:30,2
2476,explanation,content,0,0,title,PENDING,2019-10-22 20:19:30,2
2477,explanation,content,0,0,title,PENDING,2019-10-22 20:19:30,2
2478,explanation,content,0,0,title,PENDING,2019-10-22 20:19:30,2
2479,explanation,content,0,0,title,PENDING,2019-10-22 20:19:30,2
2480,explanation,content,0,0,title,PENDING,2019-10-22 20:19:30,2
2481,explanation,content,0,0,title,PENDING,2019-10-22 20:19:30,2
2482,explanation,content,0,0,title,PENDING,2019-10-22 20:19:30,2
2483,explanation,content,0,0,title,PENDING,2019-10-22 20:19:30,2
2484,explanation,content,0,0,title,PENDING,2019-10-22 20:19:30,2
2485,explanation,content,0,0,title,PENDING,2019-10-22 20:19:30,2
2486,explanation,content,0,0,title,PENDING,2019-10-22 20:19:30,2
2487,explanation,content,0,0,title,PENDING,2019-10-22 20:19:30,2
2488,explanation,content,0,0,title,PENDING,2019-10-22 20:19:30,2
2489,explanation,content,0,0,title,PENDING,2019-10-22 20:19:30,2
2490,explanation,content,0,0,title,PENDING,2019-10-22 20:19:30,2
2491,explanation,content,0,0,title,PENDING,2019-10-22 20:19:30,2
2492,explanation,content,0,0,title,PENDING,2019-10-22 20:19:30,2
2493,explanation,content,0,0,title,PENDING,2019-10-22 20:19:30,2
2494,explanation,content,0,0,title,PENDING,2019-10-22 20:19:30,2
2495,explanation,content,0,0,title,PENDING,2019-10-22 20:19:30,2
2496,explanation,content,0,0,title,PENDING,2019-10-22 20:19:30,2
2497,explanation,content,0,0,title,PENDING,2019-10-22 20:19:30,2
2498,explanation,content,0,0,title,PENDING,2019-10-22 20:19:30,2
2499,explanation,content,0,0,title,PENDING,2019-10-22 20:19:30,2
2500,explanation,content,0,0,title,PENDING,2019-10-22 20:19:30,2
2501,explanation,content,0,0,title,PENDING,2019-10-22 20:19:30,2
2502,explanation,content,0,0,title,PENDING,2019-10-22 20:19:30,2
2503,explanation,content,0,0,title,PENDING,2019-10-22 20:19:30,2
2504,explanation,content,0,0,title,PENDING,2019-10-22 20:19:30,2
2505,explanation,content,0,0,title,PENDING,2019-10-22 20:19:30,2
2506,explanation,content,0,0,title,PENDING,2019-10-22 20:19:30,2
2507,explanation,content,0,0,title,PENDING,2019-10-22 20:19:30,2
2508,explanation,content,0,0,title,PENDING,2019-10-22 20:19:30,2
2509,explanation,content,0,0,title,PENDING,2019-10-22 20:19:30,2
2510,explanation,content,0,0,title,PENDING,2019-10-22 20:19:30,2
2511,explanation,content,0,0,title,PENDING,2019-10-22 20:19:30,2
2512,explanation,content,0,0,title,PENDING,2019-10-22 20:19:30,2
2513,explanation,content,0,0,title,PENDING,2019-10-22 20:19:30,2
2514,explanation,content,0,0,title,PENDING,2019-10-22 20:19:30,2
2515,explanation,content,0,0,title,PENDING,2019-10-22 20:19:30,2
2516,explanation,content,0,0,title,PENDING,2019-10-22 20:19:30,2
2517,explanation,content,0,0,title,PENDING,2019-10-22 20:19:30,2
2518,explanation,content,0,0,title,PENDING,2019-10-22 20:19:30,2
2519,explanation,content,0,0,title,PENDING,2019-10-22 20:19:30,2
2520,explanation,content,0,0,title,PENDING,2019-10-22 20:19:30,2
2521,explanation,content,0,0,title,PENDING,2019-10-22 20:19:30,2
2522,explanation,content,0,0,title,PENDING,2019-10-22 20:19:30,2
2523,explanation,content,0,0,title,PENDING,2019-10-22 20:19:30,2
2524,explanation,content,0,0,title,PENDING,2019-10-22 20:19:30,2
2525,explanation,content,0,0,title,PENDING,2019-10-22 20:19:30,2
2526,explanation,content,0,0,title,PENDING,2019-10-22 20:19:30,2
2527,explanation,content,0,0,title,PENDING,2019-10-22 20:19:30,2
2528,explanation,content,0,0,title,PENDING,2019-10-22 20:19:30,2
2529,explanation,content,0,0,title,PENDING,2019-10-22 20:19:30,2
2530,explanation,content,0,0,title,PENDING,2019-10-22 20:19:30,2
2531,explanation,content,0,0,title,PENDING,2019-10-22 20:19:30,2
2532,explanation,content,0,0,title,PENDING,2019-10-22 20:19:30,2
2533,explanation,content,0,0,title,PENDING,2019-10-22 20:19:30,2
2534,explanation,content,0,0,title,PENDING,2019-10-22 20:19:30,2
2535,explanation,content,0,0,title,PENDING,2019-10-22 20:19:30,2
2536,explanation,content,0,0,title,PENDING,2019-10-22 20:19:30,2
2537,explanation,content,0,0,title,PENDING,2019-10-22 20:19:30,2
2538,explanation,content,0,0,title,PENDING,2019-10-22 20:19:30,2
2539,explanation,content,0,0,title,PENDING,2019-10-22 20:19:30,2
2540,explanation,content,0,0,title,PENDING,2019-10-22 20:19:30,2
2541,explanation,content,0,0,title,PENDING,2019-10-22 20:19:30,2
2542,explanation,content,0,0,title,PENDING,2019-10-22 20:19:30,2
2543,explanation,content,0,0,title,PENDING,2019-10-22 20:19:30,2
2544,explanation,content,0,0,title,PENDING,2019-10-22 20:19:30,2
2545,explanation,content,0,0,title,PENDING,2019-10-22 20:19:30,2
2546,explanation,content,0,0,title,PENDING,2019-10-22 20:19:30,2
2547,explanation,content,0,0,title,PENDING,2019-10-22 20:19:30,2
2548,explanation,content,0,0,title,PENDING,2019-10-22 20:19:30,2
2549,explanation,content,0,0,title,PENDING,2019-10-22 20:19:30,2
2550,explanation,content,0,0,title,PENDING,2019-10-22 20:19:30,2
2551,explanation,content,0,0,title,PENDING,2019-10-22 20:19:30,2
2552,explanation,content,0,0,title,PENDING,2019-10-22 20:19:30,2
2553,explanation,content,0,0,title,PENDING,2019-10-22 20:19:30,2
2554,explanation,content,0,0,title,PENDING,2019-10-22 20:19:30,2
2555,explanation,content,0,0,title,PENDING,2019-10-22 20:19:30,2
2556,explanation,content,0,0,title,PENDING,2019-10-22 20:19:30,2
2557,explanation,content,0,0,title,PENDING,2019-10-22 20:19:30,2
2558,explanation,content,0,0,title,PENDING,2019-10-22 20:19:30,2
2559,explanation,content,0,0,title,PENDING,2019-10-22 20:19:30,2
2560,explanation,content,0,0,title,PENDING,2019-10-22 20:19:30,2
2561,explanation,content,0,0,title,PENDING,2019-10-22 20:19:30,2
2562,explanation,content,0,0,title,PENDING,2019-10-22 20:19:30,2
2563,explanation,content,0,0,title,PENDING,2019-10-22 20:19:30,2
2564,explanation,content,0,0,title,PENDING,2019-10-22 20:19:30,2
2565,explanation,content,0,0,title,PENDING,2019-10-22 20:19:30,2
2566,explanation,content,0,0,title,PENDING,2019-10-22 20:19:30,2
2567,explanation,content,0,0,title,PENDING,2019-10-22 20:19:30,2
2568,explanation,content,0,0,title,PENDING,2019-10-22 20:19:30,2
2569,explanation,content,0,0,title,PENDING,2019-10-22 20:19:30,2
2570,explanation,content,0,0,title,PENDING,2019-10-22 20:19:30,2
2571,explanation,content,0,0,title,PENDING,2019-10-22 20:19:30,2
2572,explanation,content,0,0,title,PENDING,2019-10-22 20:19:30,2
2573,explanation,content,0,0,title,PENDING,2019-10-22 20:19:30,2
2574,explanation,content,0,0,title,PENDING,2019-10-22 20:19:30,2
2575,explanation,content,0,0,title,PENDING,2019-10-22 20:19:30,2
2576,explanation,content,0,0,title,PENDING,2019-10-22 20:19:30,2
2577,explanation,content,0,0,title,PENDING,2019-10-22 20:19:30,2
2578,explanation,content,0,0,title,PENDING,2019-10-22 20:19:30,2
2579,explanation,content,0,0,title,PENDING,2019-10-22 20:19:30,2
2580,explanation,content,0,0,title,PENDING,2019-10-22 20:19:30,2
2581,explanation,content,0,0,title,PENDING,2019-10-22 20:19:30,2
2582,explanation,content,0,0,title,PENDING,2019-10-22 20:19:30,2
2583,explanation,content,0,0,title,PENDING,2019-10-22 20:19:30,2
2584,explanation,content,0,0,title,PENDING,2019-10-22 20:19:30,2
2585,explanation,content,0,0,title,PENDING,2019-10-22 20:19:30,2
2586,explanation,content,0,0,title,PENDING,2019-10-22 20:19:30,2
2587,explanation,content,0,0,title,PENDING,2019-10-22 20:19:30,2
2588,explanation,content,0,0,title,PENDING,2019-10-22 20:19:30,2
2589,explanation,content,0,0,title,PENDING,2019-10-22 20:19:30,2
2590,explanation,content,0,0,title,PENDING,2019-10-22 20:19:30,2
2591,explanation,content,0,0,title,PENDING,2019-10-22 20:19:30,2
2592,explanation,content,0,0,title,PENDING,2019-10-22 20:19:30,2
2593,explanation,content,0,0,title,PENDING,2019-10-22 20:19:30,2
2594,explanation,content,0,0,title,PENDING,2019-10-22 20:19:30,2
2595,explanation,content,0,0,title,PENDING,2019-10-22 20:19:30,2
2596,explanation,content,0,0,title,PENDING,2019-10-22 20:19:30,2
2597,explanation,content,0,0,title,PENDING,2019-10-22 20:19:30,2
2598,explanation,content,0,0,title,PENDING,2019-10-22 20:19:30,2
2599,explanation,content,0,0,title,PENDING,2019-10-22 20:19:30,2
2600,explanation,content,0,0,title,PENDING,2019-10-22 20:19:30,2
2601,explanation,content,0,0,title,PENDING,2019-10-22 20:19:30,2
2602,explanation,content,0,0,title,PENDING,2019-10-22 20:19:30,2
2603,explanation,content,0,0,title,PENDING,2019-10-22 20:19:30,2
2604,explanation,content,0,0,title,PENDING,2019-10-22 20:19:30,2
2605,explanation,content,0,0,title,PENDING,2019-10-22 20:19:30,2
2606,explanation,content,0,0,title,PENDING,2019-10-22 20:19:30,2
2607,explanation,content,0,0,title,PENDING,2019-10-22 20:19:30,2
2608,explanation,content,0,0,title,PENDING,2019-10-22 20:19:30,2
2609,explanation,content,0,0,title,PENDING,2019-10-22 20:19:30,2
2610,explanation,content,0,0,title,PENDING,2019-10-22 20:19:30,2
2611,explanation,content,0,0,title,PENDING,2019-10-22 20:19:30,2
2612,explanation,content,0,0,title,PENDING,2019-10-22 20:19:30,2
2613,explanation,content,0,0,title,PENDING,2019-10-22 20:19:30,2
2614,explanation,content,0,0,title,PENDING,2019-10-22 20:19:30,2
2615,explanation,content,0,0,title,PENDING,2019-10-22 20:19:30,2
2616,explanation,content,0,0,title,PENDING,2019-10-22 20:19:30,2
2617,explanation,content,0,0,title,PENDING,2019-10-22 20:19:30,2
2618,explanation,content,0,0,title,PENDING,2019-10-22 20:19:30,2
2619,explanation,content,0,0,title,PENDING,2019-10-22 20:19:30,2
2620,explanation,content,0,0,title,PENDING,2019-10-22 20:19:30,2
2621,explanation,content,0,0,title,PENDING,2019-10-22 20:19:30,2
2622,explanation,content,0,0,title,PENDING,2019-10-22 20:19:30,2
2623,explanation,content,0,0,title,PENDING,2019-10-22 20:19:30,2
2624,explanation,content,0,0,title,PENDING,2019-10-22 20:19:30,2
2625,explanation,content,0,0,title,PENDING,2019-10-22 20:19:30,2
2626,explanation,content,0,0,title,PENDING,2019-10-22 20:19:30,2
2627,explanation,content,0,0,title,PENDING,2019-10-22 20:19:30,2
2628,explanation,content,0,0,title,PENDING,2019-10-22 20:19:30,2
2629,explanation,content,0,0,title,PENDING,2019-10-22 20:19:30,2
2630,explanation,content,0,0,title,PENDING,2019-10-22 20:19:30,2
2631,explanation,content,0,0,title,PENDING,2019-10-22 20:19:30,2
2632,explanation,content,0,0,title,PENDING,2019-10-22 20:19:30,2
2633,explanation,content,0,0,title,PENDING,2019-10-22 20:19:30,2
2634,explanation,content,0,0,title,PENDING,2019-10-22 20:19:30,2
2635,explanation,content,0,0,title,PENDING,2019-10-22 20:19:30,2
2636,explanation,content,0,0,title,PENDING,2019-10-22 20:19:30,2
2637,explanation,content,0,0,title,PENDING,2019-10-22 20:19:30,2
2638,explanation,content,0,0,title,PENDING,2019-10-22 20:19:30,2
2639,explanation,content,0,0,title,PENDING,2019-10-22 20:19:30,2
2640,explanation,content,0,0,title,PENDING,2019-10-22 20:19:30,2
2641,explanation,content,0,0,title,PENDING,2019-10-22 20:19:30,2
2642,explanation,content,0,0,title,PENDING,2019-10-22 20:19:30,2
2643,explanation,content,0,0,title,PENDING,2019-10-22 20:19:30,2
2644,explanation,content,0,0,title,PENDING,2019-10-22 20:19:30,2
2645,explanation,content,0,0,title,PENDING,2019-10-22 20:19:30,2
2646,explanation,content,0,0,title,PENDING,2019-10-22 20:19:30,2
2647,explanation,content,0,0,title,PENDING,2019-10-22 20:19:30,2
2648,explanation,content,0,0,title,PENDING,2019-10-22 20:19:30,2
2649,explanation,content,0,0,title,PENDING,2019-10-22 20:19:30,2
2650,explanation,content,0,0,title,PENDING,2019-10-22 20:19:30,2
2651,explanation,content,0,0,title,PENDING,2019-10-22 20:19:30,2
2652,explanation,content,0,0,title,PENDING,2019-10-22 20:19:30,2
2653,explanation,content,0,0,title,PENDING,2019-10-22 20:19:30,2
2654,explanation,content,0,0,title,PENDING,2019-10-22 20:19:30,2
2655,explanation,content,0,0,title,PENDING,2019-10-22 20:19:30,2
2656,explanation,content,0,0,title,PENDING,2019-10-22 20:19:30,2
2657,explanation,content,0,0,title,PENDING,2019-10-22 20:19:30,2
2658,explanation,content,0,0,title,PENDING,2019-10-22 20:19:30,2
2659,explanation,content,0,0,title,PENDING,2019-10-22 20:19:30,2
2660,explanation,content,0,0,title,PENDING,2019-10-22 20:19:30,2
2661,explanation,content,0,0,title,PENDING,2019-10-22 20:19:30,2
2662,explanation,content,0,0,title,PENDING,2019-10-22 20:19:30,2
2663,explanation,content,0,0,title,PENDING,2019-10-22 20:19:30,2
2664,explanation,content,0,0,title,PENDING,2019-10-22 20:19:30,2
2665,explanation,content,0,0,title,PENDING,2019-10-22 20:19:30,2
2666,explanation,content,0,0,title,PENDING,2019-10-22 20:19:30,2
2667,explanation,content,0,0,title,PENDING,2019-10-22 20:19:30,2
2668,explanation,content,0,0,title,PENDING,2019-10-22 20:19:30,2
2669,explanation,content,0,0,title,PENDING,2019-10-22 20:19:30,2
2670,explanation,content,0,0,title,PENDING,2019-10-22 20:19:30,2
2671,explanation,content,0,0,title,PENDING,2019-10-22 20:19:30,2
2672,explanation,content,0,0,title,PENDING,2019-10-22 20:19:30,2
2673,explanation,content,0,0,title,PENDING,2019-10-22 20:19:30,2
2674,explanation,content,0,0,title,PENDING,2019-10-22 20:19:30,2
2675,explanation,content,0,0,title,PENDING,2019-10-22 20:19:30,2
2676,explanation,content,0,0,title,PENDING,2019-10-22 20:19:30,2
2677,explanation,content,0,0,title,PENDING,2019-10-22 20:19:30,2
2678,explanation,content,0,0,title,PENDING,2019-10-22 20:19:30,2
2679,explanation,content,0,0,title,PENDING,2019-10-22 20:19:30,2
2680,explanation,content,0,0,title,PENDING,2019-10-22 20:19:30,2
2681,explanation,content,0,0,title,PENDING,2019-10-22 20:19:30,2
2682,explanation,content,0,0,title,PENDING,2019-10-22 20:19:30,2
2683,explanation,content,0,0,title,PENDING,2019-10-22 20:19:30,2
2684,explanation,content,0,0,title,PENDING,2019-10-22 20:19:30,2
2685,explanation,content,0,0,title,PENDING,2019-10-22 20:19:30,2
2686,explanation,content,0,0,title,PENDING,2019-10-22 20:19:30,2
2687,explanation,content,0,0,title,PENDING,2019-10-22 20:19:30,2
2688,explanation,content,0,0,title,PENDING,2019-10-22 20:19:30,2
2689,explanation,content,0,0,title,PENDING,2019-10-22 20:19:30,2
2690,explanation,content,0,0,title,PENDING,2019-10-22 20:19:30,2
2691,explanation,content,0,0,title,PENDING,2019-10-22 20:19:30,2
2692,explanation,content,0,0,title,PENDING,2019-10-22 20:19:30,2
2693,explanation,content,0,0,title,PENDING,2019-10-22 20:19:30,2
2694,explanation,content,0,0,title,PENDING,2019-10-22 20:19:30,2
2695,explanation,content,0,0,title,PENDING,2019-10-22 20:19:30,2
2696,explanation,content,0,0,title,PENDING,2019-10-22 20:19:30,2
2697,explanation,content,0,0,title,PENDING,2019-10-22 20:19:30,2
2698,explanation,content,0,0,title,PENDING,2019-10-22 20:19:30,2
2699,explanation,content,0,0,title,PENDING,2019-10-22 20:19:30,2
2700,explanation,content,0,0,title,PENDING,2019-10-22 20:19:30,2
2701,explanation,content,0,0,title,PENDING,2019-10-22 20:19:30,2
2702,explanation,content,0,0,title,PENDING,2019-10-22 20:19:30,2
2703,explanation,content,0,0,title,PENDING,2019-10-22 20:19:30,2
2704,explanation,content,0,0,title,PENDING,2019-10-22 20:19:30,2
2705,explanation,content,0,0,title,PENDING,2019-10-22 20:19:30,2
2706,explanation,content,0,0,title,PENDING,2019-10-22 20:19:30,2
2707,explanation,content,0,0,title,PENDING,2019-10-22 20:19:30,2
2708,explanation,content,0,0,title,PENDING,2019-10-22 20:19:30,2
2709,explanation,content,0,0,title,PENDING,2019-10-22 20:19:30,2
2710,explanation,content,0,0,title,PENDING,2019-10-22 20:19:30,2
2711,explanation,content,0,0,title,PENDING,2019-10-22 20:19:30,2
2712,explanation,content,0,0,title,PENDING,2019-10-22 20:19:30,2
2713,explanation,content,0,0,title,PENDING,2019-10-22 20:19:30,2
2714,explanation,content,0,0,title,PENDING,2019-10-22 20:19:30,2
2715,explanation,content,0,0,title,PENDING,2019-10-22 20:19:30,2
2716,explanation,content,0,0,title,PENDING,2019-10-22 20:19:30,2
2717,explanation,content,0,0,title,PENDING,2019-10-22 20:19:30,2
2718,explanation,content,0,0,title,PENDING,2019-10-22 20:19:30,2
2719,explanation,content,0,0,title,PENDING,2019-10-22 20:19:30,2
2720,explanation,content,0,0,title,PENDING,2019-10-22 20:19:30,2
2721,explanation,content,0,0,title,PENDING,2019-10-22 20:19:30,2
2722,explanation,content,0,0,title,PENDING,2019-10-22 20:19:30,2
2723,explanation,content,0,0,title,PENDING,2019-10-22 20:19:30,2
2724,explanation,content,0,0,title,PENDING,2019-10-22 20:19:30,2
2725,explanation,content,0,0,title,PENDING,2019-10-22 20:19:30,2
2726,explanation,content,0,0,title,PENDING,2019-10-22 20:19:30,2
2727,explanation,content,0,0,title,PENDING,2019-10-22 20:19:30,2
2728,explanation,content,0,0,title,PENDING,2019-10-22 20:19:30,2
2729,explanation,content,0,0,title,PENDING,2019-10-22 20:19:30,2
2730,explanation,content,0,0,title,PENDING,2019-10-22 20:19:30,2
2731,explanation,content,0,0,title,PENDING,2019-10-22 20:19:30,2
2732,explanation,content,0,0,title,PENDING,2019-10-22 20:19:30,2
2733,explanation,content,0,0,title,PENDING,2019-10-22 20:19:30,2
2734,explanation,content,0,0,title,PENDING,2019-10-22 20:19:30,2
2735,explanation,content,0,0,title,PENDING,2019-10-22 20:19:30,2
2736,explanation,content,0,0,title,PENDING,2019-10-22 20:19:30,2
2737,explanation,content,0,0,title,PENDING,2019-10-22 20:19:30,2
2738,explanation,content,0,0,title,PENDING,2019-10-22 20:19:30,2
2739,explanation,content,0,0,title,PENDING,2019-10-22 20:19:30,2
2740,explanation,content,0,0,title,PENDING,2019-10-22 20:19:30,2
2741,explanation,content,0,0,title,PENDING,2019-10-22 20:19:30,2
2742,explanation,content,0,0,title,PENDING,2019-10-22 20:19:30,2
2743,explanation,content,0,0,title,PENDING,2019-10-22 20:19:30,2
2744,explanation,content,0,0,title,PENDING,2019-10-22 20:19:30,2
2745,explanation,content,0,0,title,PENDING,2019-10-22 20:19:30,2
2746,explanation,content,0,0,title,PENDING,2019-10-22 20:19:30,2
2747,explanation,content,0,0,title,PENDING,2019-10-22 20:19:30,2
2748,explanation,content,0,0,title,PENDING,2019-10-22 20:19:30,2
2749,explanation,content,0,0,title,PENDING,2019-10-22 20:19:30,2
2750,explanation,content,0,0,title,PENDING,2019-10-22 20:19:30,2
2751,explanation,content,0,0,title,PENDING,2019-10-22 20:19:30,2
2752,explanation,content,0,0,title,PENDING,2019-10-22 20:19:30,2
2753,explanation,content,0,0,title,PENDING,2019-10-22 20:19:30,2
2754,explanation,content,0,0,title,PENDING,2019-10-22 20:19:30,2
2755,explanation,content,0,0,title,PENDING,2019-10-22 20:19:30,2
2756,explanation,content,0,0,title,PENDING,2019-10-22 20:19:30,2
2757,explanation,content,0,0,title,PENDING,2019-10-22 20:19:30,2
2758,explanation,content,0,0,title,PENDING,2019-10-22 20:19:30,2
2759,explanation,content,0,0,title,PENDING,2019-10-22 20:19:30,2
2760,explanation,content,0,0,title,PENDING,2019-10-22 20:19:30,2
2761,explanation,content,0,0,title,PENDING,2019-10-22 20:19:30,2
2762,explanation,content,0,0,title,PENDING,2019-10-22 20:19:30,2
2763,explanation,content,0,0,title,PENDING,2019-10-22 20:19:30,2
2764,explanation,content,0,0,title,PENDING,2019-10-22 20:19:30,2
2765,explanation,content,0,0,title,PENDING,2019-10-22 20:19:30,2
2766,explanation,content,0,0,title,PENDING,2019-10-22 20:19:30,2
2767,explanation,content,0,0,title,PENDING,2019-10-22 20:19:30,2
2768,explanation,content,0,0,title,PENDING,2019-10-22 20:19:30,2
2769,explanation,content,0,0,title,PENDING,2019-10-22 20:19:30,2
2770,explanation,content,0,0,title,PENDING,2019-10-22 20:19:30,2
2771,explanation,content,0,0,title,PENDING,2019-10-22 20:19:30,2
2772,explanation,content,0,0,title,PENDING,2019-10-22 20:19:30,2
2773,explanation,content,0,0,title,PENDING,2019-10-22 20:19:30,2
2774,explanation,content,0,0,title,PENDING,2019-10-22 20:19:30,2
2775,explanation,content,0,0,title,PENDING,2019-10-22 20:19:30,2
2776,explanation,content,0,0,title,PENDING,2019-10-22 20:19:30,2
2777,explanation,content,0,0,title,PENDING,2019-10-22 20:19:30,2
2778,explanation,content,0,0,title,PENDING,2019-10-22 20:19:30,2
2779,explanation,content,0,0,title,PENDING,2019-10-22 20:19:30,2
2780,explanation,content,0,0,title,PENDING,2019-10-22 20:19:30,2
2781,explanation,content,0,0,title,PENDING,2019-10-22 20:19:30,2
2782,explanation,content,0,0,title,PENDING,2019-10-22 20:19:30,2
2783,explanation,content,0,0,title,PENDING,2019-10-22 20:19:30,2
2784,explanation,content,0,0,title,PENDING,2019-10-22 20:19:30,2
2785,explanation,content,0,0,title,PENDING,2019-10-22 20:19:30,2
2786,explanation,content,0,0,title,PENDING,2019-10-22 20:19:30,2
2787,explanation,content,0,0,title,PENDING,2019-10-22 20:19:30,2
2788,explanation,content,0,0,title,PENDING,2019-10-22 20:19:30,2
2789,explanation,content,0,0,title,PENDING,2019-10-22 20:19:30,2
2790,explanation,content,0,0,title,PENDING,2019-10-22 20:19:30,2
2791,explanation,content,0,0,title,PENDING,2019-10-22 20:19:30,2
2792,explanation,content,0,0,title,PENDING,2019-10-22 20:19:30,2
2793,explanation,content,0,0,title,PENDING,2019-10-22 20:19:30,2
2794,explanation,content,0,0,title,PENDING,2019-10-22 20:19:30,2
2795,explanation,content,0,0,title,PENDING,2019-10-22 20:19:30,2
2796,explanation,content,0,0,title,PENDING,2019-10-22 20:19:30,2
2797,explanation,content,0,0,title,PENDING,2019-10-22 20:19:30,2
2798,explanation,content,0,0,title,PENDING,2019-10-22 20:19:30,2
2799,explanation,content,0,0,title,PENDING,2019-10-22 20:19:30,2
2800,explanation,content,0,0,title,PENDING,2019-10-22 20:19:30,2
2801,explanation,content,0,0,title,PENDING,2019-10-22 20:19:30,2
2802,explanation,content,0,0,title,PENDING,2019-10-22 20:19:30,2
2803,explanation,content,0,0,title,PENDING,2019-10-22 20:19:30,2
2804,explanation,content,0,0,title,PENDING,2019-10-22 20:19:30,2
2805,explanation,content,0,0,title,PENDING,2019-10-22 20:19:30,2
2806,explanation,content,0,0,title,PENDING,2019-10-22 20:19:30,2
2807,explanation,content,0,0,title,PENDING,2019-10-22 20:19:30,2
2808,explanation,content,0,0,title,PENDING,2019-10-22 20:19:30,2
2809,explanation,content,0,0,title,PENDING,2019-10-22 20:19:30,2
2810,explanation,content,0,0,title,PENDING,2019-10-22 20:19:30,2
2811,explanation,content,0,0,title,PENDING,2019-10-22 20:19:30,2
2812,explanation,content,0,0,title,PENDING,2019-10-22 20:19:30,2
2813,explanation,content,0,0,title,PENDING,2019-10-22 20:19:30,2
2814,explanation,content,0,0,title,PENDING,2019-10-22 20:19:30,2
2815,explanation,content,0,0,title,PENDING,2019-10-22 20:19:30,2
2816,explanation,content,0,0,title,PENDING,2019-10-22 20:19:30,2
2817,explanation,content,0,0,title,PENDING,2019-10-22 20:19:30,2
2818,explanation,content,0,0,title,PENDING,2019-10-22 20:19:30,2
2819,explanation,content,0,0,title,PENDING,2019-10-22 20:19:30,2
2820,explanation,content,0,0,title,PENDING,2019-10-22 20:19:30,2
2821,explanation,content,0,0,title,PENDING,2019-10-22 20:19:30,2
2822,explanation,content,0,0,title,PENDING,2019-10-22 20:19:30,2
2823,explanation,content,0,0,title,PENDING,2019-10-22 20:19:30,2
2824,explanation,content,0,0,title,PENDING,2019-10-22 20:19:30,2
2825,explanation,content,0,0,title,PENDING,2019-10-22 20:19:30,2
2826,explanation,content,0,0,title,PENDING,2019-10-22 20:19:30,2
2827,explanation,content,0,0,title,PENDING,2019-10-22 20:19:30,2
2828,explanation,content,0,0,title,PENDING,2019-10-22 20:19:30,2
2829,explanation,content,0,0,title,PENDING,2019-10-22 20:19:30,2
2830,explanation,content,0,0,title,PENDING,2019-10-22 20:19:30,2
2831,explanation,content,0,0,title,PENDING,2019-10-22 20:19:30,2
2832,explanation,content,0,0,title,PENDING,2019-10-22 20:19:30,2
2833,explanation,content,0,0,title,PENDING,2019-10-22 20:19:30,2
2834,explanation,content,0,0,title,PENDING,2019-10-22 20:19:30,2
2835,explanation,content,0,0,title,PENDING,2019-10-22 20:19:30,2
2836,explanation,content,0,0,title,PENDING,2019-10-22 20:19:30,2
2837,explanation,content,0,0,title,PENDING,2019-10-22 20:19:30,2
2838,explanation,content,0,0,title,PENDING,2019-10-22 20:19:30,2
2839,explanation,content,0,0,title,PENDING,2019-10-22 20:19:30,2
2840,explanation,content,0,0,title,PENDING,2019-10-22 20:19:30,2
2841,explanation,content,0,0,title,PENDING,2019-10-22 20:19:30,2
2842,explanation,content,0,0,title,PENDING,2019-10-22 20:19:30,2
2843,explanation,content,0,0,title,PENDING,2019-10-22 20:19:30,2
2844,explanation,content,0,0,title,PENDING,2019-10-22 20:19:30,2
2845,explanation,content,0,0,title,PENDING,2019-10-22 20:19:30,2
2846,explanation,content,0,0,title,PENDING,2019-10-22 20:19:30,2
2847,explanation,content,0,0,title,PENDING,2019-10-22 20:19:30,2
2848,explanation,content,0,0,title,PENDING,2019-10-22 20:19:30,2
2849,explanation,content,0,0,title,PENDING,2019-10-22 20:19:30,2
2850,explanation,content,0,0,title,PENDING,2019-10-22 20:19:30,2
2851,explanation,content,0,0,title,PENDING,2019-10-22 20:19:30,2
2852,explanation,content,0,0,title,PENDING,2019-10-22 20:19:30,2
2853,explanation,content,0,0,title,PENDING,2019-10-22 20:19:30,2
2854,explanation,content,0,0,title,PENDING,2019-10-22 20:19:30,2
2855,explanation,content,0,0,title,PENDING,2019-10-22 20:19:30,2
2856,explanation,content,0,0,title,PENDING,2019-10-22 20:19:30,2
2857,explanation,content,0,0,title,PENDING,2019-10-22 20:19:30,2
2858,explanation,content,0,0,title,PENDING,2019-10-22 20:19:30,2
2859,explanation,content,0,0,title,PENDING,2019-10-22 20:19:30,2
2860,explanation,content,0,0,title,PENDING,2019-10-22 20:19:30,2
2861,explanation,content,0,0,title,PENDING,2019-10-22 20:19:30,2
2862,explanation,content,0,0,title,PENDING,2019-10-22 20:19:30,2
2863,explanation,content,0,0,title,PENDING,2019-10-22 20:19:30,2
2864,explanation,content,0,0,title,PENDING,2019-10-22 20:19:30,2
2865,explanation,content,0,0,title,PENDING,2019-10-22 20:19:30,2
2866,explanation,content,0,0,title,PENDING,2019-10-22 20:19:30,2
2867,explanation,content,0,0,title,PENDING,2019-10-22 20:19:30,2
2868,explanation,content,0,0,title,PENDING,2019-10-22 20:19:30,2
2869,explanation,content,0,0,title,PENDING,2019-10-22 20:19:30,2
2870,explanation,content,0,0,title,PENDING,2019-10-22 20:19:30,2
2871,explanation,content,0,0,title,PENDING,2019-10-22 20:19:30,2
2872,explanation,content,0,0,title,PENDING,2019-10-22 20:19:30,2
2873,explanation,content,0,0,title,PENDING,2019-10-22 20:19:30,2
2874,explanation,content,0,0,title,PENDING,2019-10-22 20:19:30,2
2875,explanation,content,0,0,title,PENDING,2019-10-22 20:19:30,2
2876,explanation,content,0,0,title,PENDING,2019-10-22 20:19:30,2
2877,explanation,content,0,0,title,PENDING,2019-10-22 20:19:30,2
2878,explanation,content,0,0,title,PENDING,2019-10-22 20:19:30,2
2879,explanation,content,0,0,title,PENDING,2019-10-22 20:19:30,2
2880,explanation,content,0,0,title,PENDING,2019-10-22 20:19:30,2
2881,explanation,content,0,0,title,PENDING,2019-10-22 20:19:30,2
2882,explanation,content,0,0,title,PENDING,2019-10-22 20:19:30,2
2883,explanation,content,0,0,title,PENDING,2019-10-22 20:19:30,2
2884,explanation,content,0,0,title,PENDING,2019-10-22 20:19:30,2
2885,explanation,content,0,0,title,PENDING,2019-10-22 20:19:30,2
2886,explanation,content,0,0,title,PENDING,2019-10-22 20:19:30,2
2887,explanation,content,0,0,title,PENDING,2019-10-22 20:19:30,2
2888,explanation,content,0,0,title,PENDING,2019-10-22 20:19:30,2
2889,explanation,content,0,0,title,PENDING,2019-10-22 20:19:30,2
2890,explanation,content,0,0,title,PENDING,2019-10-22 20:19:30,2
2891,explanation,content,0,0,title,PENDING,2019-10-22 20:19:30,2
2892,explanation,content,0,0,title,PENDING,2019-10-22 20:19:30,2
2893,explanation,content,0,0,title,PENDING,2019-10-22 20:19:30,2
2894,explanation,content,0,0,title,PENDING,2019-10-22 20:19:30,2
2895,explanation,content,0,0,title,PENDING,2019-10-22 20:19:30,2
2896,explanation,content,0,0,title,PENDING,2019-10-22 20:19:30,2
2897,explanation,content,0,0,title,PENDING,2019-10-22 20:19:30,2
2898,explanation,content,0,0,title,PENDING,2019-10-22 20:19:30,2
2899,explanation,content,0,0,title,PENDING,2019-10-22 20:19:30,2
2900,explanation,content,0,0,title,PENDING,2019-10-22 20:19:30,2
2901,explanation,content,0,0,title,PENDING,2019-10-22 20:19:30,2
2902,explanation,content,0,0,title,PENDING,2019-10-22 20:19:30,2
2903,explanation,content,0,0,title,PENDING,2019-10-22 20:19:30,2
2904,explanation,content,0,0,title,PENDING,2019-10-22 20:19:30,2
2905,explanation,content,0,0,title,PENDING,2019-10-22 20:19:30,2
2906,explanation,content,0,0,title,PENDING,2019-10-22 20:19:30,2
2907,explanation,content,0,0,title,PENDING,2019-10-22 20:19:30,2
2908,explanation,content,0,0,title,PENDING,2019-10-22 20:19:30,2
2909,explanation,content,0,0,title,PENDING,2019-10-22 20:19:30,2
2910,explanation,content,0,0,title,PENDING,2019-10-22 20:19:30,2
2911,explanation,content,0,0,title,PENDING,2019-10-22 20:19:30,2
2912,explanation,content,0,0,title,PENDING,2019-10-22 20:19:30,2
2913,explanation,content,0,0,title,PENDING,2019-10-22 20:19:30,2
2914,explanation,content,0,0,title,PENDING,2019-10-22 20:19:30,2
2915,explanation,content,0,0,title,PENDING,2019-10-22 20:19:30,2
2916,explanation,content,0,0,title,PENDING,2019-10-22 20:19:30,2
2917,explanation,content,0,0,title,PENDING,2019-10-22 20:19:30,2
2918,explanation,content,0,0,title,PENDING,2019-10-22 20:19:30,2
2919,explanation,content,0,0,title,PENDING,2019-10-22 20:19:30,2
2920,explanation,content,0,0,title,PENDING,2019-10-22 20:19:30,2
2921,explanation,content,0,0,title,PENDING,2019-10-22 20:19:30,2
2922,explanation,content,0,0,title,PENDING,2019-10-22 20:19:30,2
2923,explanation,content,0,0,title,PENDING,2019-10-22 20:19:30,2
2924,explanation,content,0,0,title,PENDING,2019-10-22 20:19:30,2
2925,explanation,content,0,0,title,PENDING,2019-10-22 20:19:30,2
2926,explanation,content,0,0,title,PENDING,2019-10-22 20:19:30,2
2927,explanation,content,0,0,title,PENDING,2019-10-22 20:19:30,2
2928,explanation,content,0,0,title,PENDING,2019-10-22 20:19:30,2
2929,explanation,content,0,0,title,PENDING,2019-10-22 20:19:30,2
2930,explanation,content,0,0,title,PENDING,2019-10-22 20:19:30,2
2931,explanation,content,0,0,title,PENDING,2019-10-22 20:19:30,2
2932,explanation,content,0,0,title,PENDING,2019-10-22 20:19:30,2
2933,explanation,content,0,0,title,PENDING,2019-10-22 20:19:30,2
2934,explanation,content,0,0,title,PENDING,2019-10-22 20:19:30,2
2935,explanation,content,0,0,title,PENDING,2019-10-22 20:19:30,2
2936,explanation,content,0,0,title,PENDING,2019-10-22 20:19:30,2
2937,explanation,content,0,0,title,PENDING,2019-10-22 20:19:30,2
2938,explanation,content,0,0,title,PENDING,2019-10-22 20:19:30,2
2939,explanation,content,0,0,title,PENDING,2019-10-22 20:19:30,2
2940,explanation,content,0,0,title,PENDING,2019-10-22 20:19:30,2
2941,explanation,content,0,0,title,PENDING,2019-10-22 20:19:30,2
2942,explanation,content,0,0,title,PENDING,2019-10-22 20:19:30,2
2943,explanation,content,0,0,title,PENDING,2019-10-22 20:19:30,2
2944,explanation,content,0,0,title,PENDING,2019-10-22 20:19:30,2
2945,explanation,content,0,0,title,PENDING,2019-10-22 20:19:30,2
2946,explanation,content,0,0,title,PENDING,2019-10-22 20:19:30,2
2947,explanation,content,0,0,title,PENDING,2019-10-22 20:19:30,2
2948,explanation,content,0,0,title,PENDING,2019-10-22 20:19:30,2
2949,explanation,content,0,0,title,PENDING,2019-10-22 20:19:30,2
2950,explanation,content,0,0,title,PENDING,2019-10-22 20:19:30,2
2951,explanation,content,0,0,title,PENDING,2019-10-22 20:19:30,2
2952,explanation,content,0,0,title,PENDING,2019-10-22 20:19:30,2
2953,explanation,content,0,0,title,PENDING,2019-10-22 20:19:30,2
2954,explanation,content,0,0,title,PENDING,2019-10-22 20:19:30,2
2955,explanation,content,0,0,title,PENDING,2019-10-22 20:19:30,2
2956,explanation,content,0,0,title,PENDING,2019-10-22 20:19:30,2
2957,explanation,content,0,0,title,PENDING,2019-10-22 20:19:30,2
2958,explanation,content,0,0,title,PENDING,2019-10-22 20:19:30,2
2959,explanation,content,0,0,title,PENDING,2019-10-22 20:19:30,2
2960,explanation,content,0,0,title,PENDING,2019-10-22 20:19:30,2
2961,explanation,content,0,0,title,PENDING,2019-10-22 20:19:30,2
2962,explanation,content,0,0,title,PENDING,2019-10-22 20:19:30,2
2963,explanation,content,0,0,title,PENDING,2019-10-22 20:19:30,2
2964,explanation,content,0,0,title,PENDING,2019-10-22 20:19:30,2
2965,explanation,content,0,0,title,PENDING,2019-10-22 20:19:30,2
2966,explanation,content,0,0,title,PENDING,2019-10-22 20:19:30,2
2967,explanation,content,0,0,title,PENDING,2019-10-22 20:19:30,2
2968,explanation,content,0,0,title,PENDING,2019-10-22 20:19:30,2
2969,explanation,content,0,0,title,PENDING,2019-10-22 20:19:30,2
2970,explanation,content,0,0,title,PENDING,2019-10-22 20:19:30,2
2971,explanation,content,0,0,title,PENDING,2019-10-22 20:19:30,2
2972,explanation,content,0,0,title,PENDING,2019-10-22 20:19:30,2
2973,explanation,content,0,0,title,PENDING,2019-10-22 20:19:30,2
2974,explanation,content,0,0,title,PENDING,2019-10-22 20:19:30,2
2975,explanation,content,0,0,title,PENDING,2019-10-22 20:19:30,2
2976,explanation,content,0,0,title,PENDING,2019-10-22 20:19:30,2
2977,explanation,content,0,0,title,PENDING,2019-10-22 20:19:30,2
2978,explanation,content,0,0,title,PENDING,2019-10-22 20:19:30,2
2979,explanation,content,0,0,title,PENDING,2019-10-22 20:19:30,2
2980,explanation,content,0,0,title,PENDING,2019-10-22 20:19:30,2
2981,explanation,content,0,0,title,PENDING,2019-10-22 20:19:30,2
2982,explanation,content,0,0,title,PENDING,2019-10-22 20:19:30,2
2983,explanation,content,0,0,title,PENDING,2019-10-22 20:19:30,2
2984,explanation,content,0,0,title,PENDING,2019-10-22 20:19:30,2
2985,explanation,content,0,0,title,PENDING,2019-10-22 20:19:30,2
2986,explanation,content,0,0,title,PENDING,2019-10-22 20:19:30,2
2987,explanation,content,0,0,title,PENDING,2019-10-22 20:19:30,2
2988,explanation,content,0,0,title,PENDING,2019-10-22 20:19:30,2
2989,explanation,content,0,0,title,PENDING,2019-10-22 20:19:30,2
2990,explanation,content,0,0,title,PENDING,2019-10-22 20:19:30,2
2991,explanation,content,0,0,title,PENDING,2019-10-22 20:19:30,2
2992,explanation,content,0,0,title,PENDING,2019-10-22 20:19:30,2
2993,explanation,content,0,0,title,PENDING,2019-10-22 20:19:30,2
2994,explanation,content,0,0,title,PENDING,2019-10-22 20:19:30,2
2995,explanation,content,0,0,title,PENDING,2019-10-22 20:19:30,2
2996,explanation,content,0,0,title,PENDING,2019-10-22 20:19:30,2
2997,explanation,content,0,0,title,PENDING,2019-10-22 20:19:30,2
2998,explanation,content,0,0,title,PENDING,2019-10-22 20:19:30,2
2999,explanation,content,0,0,title,PENDING,2019-10-22 20:19:30,2
