1000,STUDENT
1001,STUDENT
1002,STUDENT
1003,STUDENT
1004,STUDENT
1005,STUDENT
1006,STUDENT
1007,STUDENT
1008,STUDENT
1009,STUDENT
1010,STUDENT
1011,STUDENT
1012,STUDENT
1013,STUDENT
1014,STUDENT
1015,STUDENT
1016,STUDENT
1017,STUDENT
1018,STUDENT
1019,STUDENT
1020,STUDENT
1021,STUDENT
1022,STUDENT
1023,STUDENT
1024,STUDENT
1025,STUDENT
1026,STUDENT
1027,STUDENT
1028,STUDENT
1029,STUDENT
1030,STUDENT
1031,STUDENT
1032,STUDENT
1033,STUDENT
1034,STUDENT
1035,STUDENT
1036,STUDENT
1037,STUDENT
1038,STUDENT
1039,STUDENT
1040,STUDENT
1041,STUDENT
1042,STUDENT
1043,STUDENT
1044,STUDENT
1045,STUDENT
1046,STUDENT
1047,STUDENT
1048,STUDENT
1049,STUDENT
1050,STUDENT
1051,STUDENT
1052,STUDENT
1053,STUDENT
1054,STUDENT
1055,STUDENT
1056,STUDENT
1057,STUDENT
1058,STUDENT
1059,STUDENT
1060,STUDENT
1061,STUDENT
1062,STUDENT
1063,STUDENT
1064,STUDENT
1065,STUDENT
1066,STUDENT
1067,STUDENT
1068,STUDENT
1069,STUDENT
1070,STUDENT
1071,STUDENT
1072,STUDENT
1073,STUDENT
1074,STUDENT
1075,STUDENT
1076,STUDENT
1077,STUDENT
1078,STUDENT
1079,STUDENT
1080,STUDENT
1081,STUDENT
1082,STUDENT
1083,STUDENT
1084,STUDENT
1085,STUDENT
1086,STUDENT
1087,STUDENT
1088,STUDENT
1089,STUDENT
1090,STUDENT
1091,STUDENT
1092,STUDENT
1093,STUDENT
1094,STUDENT
1095,STUDENT
1096,STUDENT
1097,STUDENT
1098,STUDENT
1099,STUDENT
1100,STUDENT
1101,STUDENT
1102,STUDENT
1103,STUDENT
1104,STUDENT
1105,STUDENT
1106,STUDENT
1107,STUDENT
1108,STUDENT
1109,STUDENT
1110,STUDENT
1111,STUDENT
1112,STUDENT
1113,STUDENT
1114,STUDENT
1115,STUDENT
1116,STUDENT
1117,STUDENT
1118,STUDENT
1119,STUDENT
1120,STUDENT
1121,STUDENT
1122,STUDENT
1123,STUDENT
1124,STUDENT
1125,STUDENT
1126,STUDENT
1127,STUDENT
1128,STUDENT
1129,STUDENT
1130,STUDENT
1131,STUDENT
1132,STUDENT
1133,STUDENT
1134,STUDENT
1135,STUDENT
1136,STUDENT
1137,STUDENT
1138,STUDENT
1139,STUDENT
1140,STUDENT
1141,STUDENT
1142,STUDENT
1143,STUDENT
1144,STUDENT
1145,STUDENT
1146,STUDENT
1147,STUDENT
1148,STUDENT
1149,STUDENT
1150,STUDENT
1151,STUDENT
1152,STUDENT
1153,STUDENT
1154,STUDENT
1155,STUDENT
1156,STUDENT
1157,STUDENT
1158,STUDENT
1159,STUDENT
1160,STUDENT
1161,STUDENT
1162,STUDENT
1163,STUDENT
1164,STUDENT
1165,STUDENT
1166,STUDENT
1167,STUDENT
1168,STUDENT
1169,STUDENT
1170,STUDENT
1171,STUDENT
1172,STUDENT
1173,STUDENT
1174,STUDENT
1175,STUDENT
1176,STUDENT
1177,STUDENT
1178,STUDENT
1179,STUDENT
1180,STUDENT
1181,STUDENT
1182,STUDENT
1183,STUDENT
1184,STUDENT
1185,STUDENT
1186,STUDENT
1187,STUDENT
1188,STUDENT
1189,STUDENT
1190,STUDENT
1191,STUDENT
1192,STUDENT
1193,STUDENT
1194,STUDENT
1195,STUDENT
1196,STUDENT
1197,STUDENT
1198,STUDENT
1199,STUDENT
1200,STUDENT
1201,STUDENT
1202,STUDENT
1203,STUDENT
1204,STUDENT
1205,STUDENT
1206,STUDENT
1207,STUDENT
1208,STUDENT
1209,STUDENT
1210,STUDENT
1211,STUDENT
1212,STUDENT
1213,STUDENT
1214,STUDENT
1215,STUDENT
1216,STUDENT
1217,STUDENT
1218,STUDENT
1219,STUDENT
1220,STUDENT
1221,STUDENT
1222,STUDENT
1223,STUDENT
1224,STUDENT
1225,STUDENT
1226,STUDENT
1227,STUDENT
1228,STUDENT
1229,STUDENT
1230,STUDENT
1231,STUDENT
1232,STUDENT
1233,STUDENT
1234,STUDENT
1235,STUDENT
1236,STUDENT
1237,STUDENT
1238,STUDENT
1239,STUDENT
1240,STUDENT
1241,STUDENT
1242,STUDENT
1243,STUDENT
1244,STUDENT
1245,STUDENT
1246,STUDENT
1247,STUDENT
1248,STUDENT
1249,STUDENT
1250,STUDENT
1251,STUDENT
1252,STUDENT
1253,STUDENT
1254,STUDENT
1255,STUDENT
1256,STUDENT
1257,STUDENT
1258,STUDENT
1259,STUDENT
1260,STUDENT
1261,STUDENT
1262,STUDENT
1263,STUDENT
1264,STUDENT
1265,STUDENT
1266,STUDENT
1267,STUDENT
1268,STUDENT
1269,STUDENT
1270,STUDENT
1271,STUDENT
1272,STUDENT
1273,STUDENT
1274,STUDENT
1275,STUDENT
1276,STUDENT
1277,STUDENT
1278,STUDENT
1279,STUDENT
1280,STUDENT
1281,STUDENT
1282,STUDENT
1283,STUDENT
1284,STUDENT
1285,STUDENT
1286,STUDENT
1287,STUDENT
1288,STUDENT
1289,STUDENT
1290,STUDENT
1291,STUDENT
1292,STUDENT
1293,STUDENT
1294,STUDENT
1295,STUDENT
1296,STUDENT
1297,STUDENT
1298,STUDENT
1299,STUDENT
1300,STUDENT
1301,STUDENT
1302,STUDENT
1303,STUDENT
1304,STUDENT
1305,STUDENT
1306,STUDENT
1307,STUDENT
1308,STUDENT
1309,STUDENT
1310,STUDENT
1311,STUDENT
1312,STUDENT
1313,STUDENT
1314,STUDENT
1315,STUDENT
1316,STUDENT
1317,STUDENT
1318,STUDENT
1319,STUDENT
1320,STUDENT
1321,STUDENT
1322,STUDENT
1323,STUDENT
1324,STUDENT
1325,STUDENT
1326,STUDENT
1327,STUDENT
1328,STUDENT
1329,STUDENT
1330,STUDENT
1331,STUDENT
1332,STUDENT
1333,STUDENT
1334,STUDENT
1335,STUDENT
1336,STUDENT
1337,STUDENT
1338,STUDENT
1339,STUDENT
1340,STUDENT
1341,STUDENT
1342,STUDENT
1343,STUDENT
1344,STUDENT
1345,STUDENT
1346,STUDENT
1347,STUDENT
1348,STUDENT
1349,STUDENT
1350,STUDENT
1351,STUDENT
1352,STUDENT
1353,STUDENT
1354,STUDENT
1355,STUDENT
1356,STUDENT
1357,STUDENT
1358,STUDENT
1359,STUDENT
1360,STUDENT
1361,STUDENT
1362,STUDENT
1363,STUDENT
1364,STUDENT
1365,STUDENT
1366,STUDENT
1367,STUDENT
1368,STUDENT
1369,STUDENT
1370,STUDENT
1371,STUDENT
1372,STUDENT
1373,STUDENT
1374,STUDENT
1375,STUDENT
1376,STUDENT
1377,STUDENT
1378,STUDENT
1379,STUDENT
1380,STUDENT
1381,STUDENT
1382,STUDENT
1383,STUDENT
1384,STUDENT
1385,STUDENT
1386,STUDENT
1387,STUDENT
1388,STUDENT
1389,STUDENT
1390,STUDENT
1391,STUDENT
1392,STUDENT
1393,STUDENT
1394,STUDENT
1395,STUDENT
1396,STUDENT
1397,STUDENT
1398,STUDENT
1399,STUDENT
1400,STUDENT
1401,STUDENT
1402,STUDENT
1403,STUDENT
1404,STUDENT
1405,STUDENT
1406,STUDENT
1407,STUDENT
1408,STUDENT
1409,STUDENT
1410,STUDENT
1411,STUDENT
1412,STUDENT
1413,STUDENT
1414,STUDENT
1415,STUDENT
1416,STUDENT
1417,STUDENT
1418,STUDENT
1419,STUDENT
1420,STUDENT
1421,STUDENT
1422,STUDENT
1423,STUDENT
1424,STUDENT
1425,STUDENT
1426,STUDENT
1427,STUDENT
1428,STUDENT
1429,STUDENT
1430,STUDENT
1431,STUDENT
1432,STUDENT
1433,STUDENT
1434,STUDENT
1435,STUDENT
1436,STUDENT
1437,STUDENT
1438,STUDENT
1439,STUDENT
1440,STUDENT
1441,STUDENT
1442,STUDENT
1443,STUDENT
1444,STUDENT
1445,STUDENT
1446,STUDENT
1447,STUDENT
1448,STUDENT
1449,STUDENT
1450,STUDENT
1451,STUDENT
1452,STUDENT
1453,STUDENT
1454,STUDENT
1455,STUDENT
1456,STUDENT
1457,STUDENT
1458,STUDENT
1459,STUDENT
1460,STUDENT
1461,STUDENT
1462,STUDENT
1463,STUDENT
1464,STUDENT
1465,STUDENT
1466,STUDENT
1467,STUDENT
1468,STUDENT
1469,STUDENT
1470,STUDENT
1471,STUDENT
1472,STUDENT
1473,STUDENT
1474,STUDENT
1475,STUDENT
1476,STUDENT
1477,STUDENT
1478,STUDENT
1479,STUDENT
1480,STUDENT
1481,STUDENT
1482,STUDENT
1483,STUDENT
1484,STUDENT
1485,STUDENT
1486,STUDENT
1487,STUDENT
1488,STUDENT
1489,STUDENT
1490,STUDENT
1491,STUDENT
1492,STUDENT
1493,STUDENT
1494,STUDENT
1495,STUDENT
1496,STUDENT
1497,STUDENT
1498,STUDENT
1499,STUDENT
